,Feature,Feature_importance
0,CODE_GENDER_stdscl,0.08968763787835561
1,FLAG_OWN_CAR_stdscl,0.02006230643114666
2,FLAG_OWN_REALTY_stdscl,0.00021310138931631393
3,CNT_CHILDREN_stdscl,0.0007067290857083101
4,AMT_INCOME_TOTAL_stdscl,0.003231719864126507
5,AMT_CREDIT_stdscl,0.01871285213764333
6,AMT_ANNUITY_stdscl,0.07393704254718315
7,AMT_GOODS_PRICE_stdscl,0.021325613263305735
8,REGION_POPULATION_RELATIVE_stdscl,0.019437807781215597
9,DAYS_BIRTH_stdscl,0.04859718351127769
10,DAYS_EMPLOYED_stdscl,0.04972021841980086
11,DAYS_REGISTRATION_stdscl,0.012782957148577998
12,DAYS_ID_PUBLISH_stdscl,0.02744226105995628
13,OWN_CAR_AGE_stdscl,0.019760385429836744
14,FLAG_MOBIL_stdscl,0.0
15,FLAG_EMP_PHONE_stdscl,0.0
16,FLAG_WORK_PHONE_stdscl,0.017280437150762586
17,FLAG_CONT_MOBILE_stdscl,0.0
18,FLAG_PHONE_stdscl,0.0
19,FLAG_EMAIL_stdscl,0.0
20,CNT_FAM_MEMBERS_stdscl,0.0022572435802727946
21,REGION_RATING_CLIENT_stdscl,0.005030499602394141
22,REGION_RATING_CLIENT_W_CITY_stdscl,0.023567814639595112
23,HOUR_APPR_PROCESS_START_stdscl,0.002021981550491219
24,REG_REGION_NOT_LIVE_REGION_stdscl,0.0
25,REG_REGION_NOT_WORK_REGION_stdscl,8.067588687083718e-05
26,LIVE_REGION_NOT_WORK_REGION_stdscl,0.0
27,REG_CITY_NOT_LIVE_CITY_stdscl,0.008553399968750526
28,REG_CITY_NOT_WORK_CITY_stdscl,0.0
29,LIVE_CITY_NOT_WORK_CITY_stdscl,0.0002765640553231068
30,EXT_SOURCE_1_stdscl,0.045239712644300795
31,EXT_SOURCE_2_stdscl,0.15372735588373254
32,EXT_SOURCE_3_stdscl,0.14856340847994334
33,APARTMENTS_AVG_stdscl,0.0014248096427306298
34,BASEMENTAREA_AVG_stdscl,0.00011104309727453055
35,YEARS_BEGINEXPLUATATION_AVG_stdscl,0.003226262497415996
36,YEARS_BUILD_AVG_stdscl,0.002378829601426113
37,COMMONAREA_AVG_stdscl,0.0005423184490628006
38,ELEVATORS_AVG_stdscl,0.001108018923515169
39,ENTRANCES_AVG_stdscl,0.001757915257895009
40,FLOORSMAX_AVG_stdscl,0.0016047310259914948
41,FLOORSMIN_AVG_stdscl,0.0011554293458827646
42,LANDAREA_AVG_stdscl,0.0024490444870951013
43,LIVINGAPARTMENTS_AVG_stdscl,0.00022976306977381632
44,LIVINGAREA_AVG_stdscl,0.0019750508023577726
45,NONLIVINGAPARTMENTS_AVG_stdscl,0.0
46,NONLIVINGAREA_AVG_stdscl,0.0012788993498373904
47,APARTMENTS_MODE_stdscl,0.000255804896280163
48,BASEMENTAREA_MODE_stdscl,0.0004927600948524038
49,YEARS_BEGINEXPLUATATION_MODE_stdscl,0.002571353886099238
50,YEARS_BUILD_MODE_stdscl,0.0020386643261955818
51,COMMONAREA_MODE_stdscl,0.0015773239678279545
52,ELEVATORS_MODE_stdscl,0.0
53,ENTRANCES_MODE_stdscl,0.0005471797784049199
54,FLOORSMAX_MODE_stdscl,0.0015309541988270993
55,FLOORSMIN_MODE_stdscl,0.0
56,LANDAREA_MODE_stdscl,0.0036158093278646306
57,LIVINGAPARTMENTS_MODE_stdscl,0.0008069145167074046
58,LIVINGAREA_MODE_stdscl,0.0012314903491589175
59,NONLIVINGAPARTMENTS_MODE_stdscl,0.0006555548060970169
60,NONLIVINGAREA_MODE_stdscl,0.0011650200693913285
61,APARTMENTS_MEDI_stdscl,0.00147151816870467
62,BASEMENTAREA_MEDI_stdscl,0.0014475579157602354
63,YEARS_BEGINEXPLUATATION_MEDI_stdscl,0.005249510525776183
64,YEARS_BUILD_MEDI_stdscl,0.001161433984641661
65,COMMONAREA_MEDI_stdscl,0.001058571838513488
66,ELEVATORS_MEDI_stdscl,0.0013613931983582702
67,ENTRANCES_MEDI_stdscl,0.0013228014794505513
68,FLOORSMAX_MEDI_stdscl,0.0026018454792950344
69,FLOORSMIN_MEDI_stdscl,0.0016181164998357316
70,LANDAREA_MEDI_stdscl,0.00022375518817980557
71,LIVINGAPARTMENTS_MEDI_stdscl,0.0003715391589964179
72,LIVINGAREA_MEDI_stdscl,0.0011167130313602131
73,NONLIVINGAPARTMENTS_MEDI_stdscl,0.0002794973940640018
74,NONLIVINGAREA_MEDI_stdscl,0.002809845612473427
75,TOTALAREA_MODE_stdscl,0.002169748211928675
76,OBS_30_CNT_SOCIAL_CIRCLE_stdscl,0.0010382680961110253
77,DEF_30_CNT_SOCIAL_CIRCLE_stdscl,0.00870649870984904
78,OBS_60_CNT_SOCIAL_CIRCLE_stdscl,0.0023738206700792104
79,DEF_60_CNT_SOCIAL_CIRCLE_stdscl,0.020129491877424934
80,DAYS_LAST_PHONE_CHANGE_stdscl,0.00893089633052896
81,FLAG_DOCUMENT_2_stdscl,0.0
82,FLAG_DOCUMENT_3_stdscl,0.0027000917106066195
83,FLAG_DOCUMENT_4_stdscl,0.0
84,FLAG_DOCUMENT_5_stdscl,0.0
85,FLAG_DOCUMENT_6_stdscl,5.069568909388098e-06
86,FLAG_DOCUMENT_7_stdscl,0.0
87,FLAG_DOCUMENT_8_stdscl,0.00033726947588761644
88,FLAG_DOCUMENT_9_stdscl,0.0
89,FLAG_DOCUMENT_10_stdscl,0.0
90,FLAG_DOCUMENT_11_stdscl,0.0
91,FLAG_DOCUMENT_12_stdscl,0.0
92,FLAG_DOCUMENT_13_stdscl,0.0
93,FLAG_DOCUMENT_14_stdscl,0.0
94,FLAG_DOCUMENT_15_stdscl,0.0
95,FLAG_DOCUMENT_16_stdscl,0.0003489916816304459
96,FLAG_DOCUMENT_17_stdscl,0.0
97,FLAG_DOCUMENT_18_stdscl,0.0
98,FLAG_DOCUMENT_19_stdscl,0.0
99,FLAG_DOCUMENT_20_stdscl,0.0
100,FLAG_DOCUMENT_21_stdscl,0.0
101,AMT_REQ_CREDIT_BUREAU_HOUR_stdscl,0.0
102,AMT_REQ_CREDIT_BUREAU_DAY_stdscl,0.0
103,AMT_REQ_CREDIT_BUREAU_WEEK_stdscl,0.00022235520187446412
104,AMT_REQ_CREDIT_BUREAU_MON_stdscl,0.0004277909181174796
105,AMT_REQ_CREDIT_BUREAU_QRT_stdscl,0.005109856490652453
106,AMT_REQ_CREDIT_BUREAU_YEAR_stdscl,0.00253115767830483
107,NEW_CREDIT_TO_ANNUITY_RATIO_stdscl,0.09380094613118269
108,NEW_CREDIT_TO_GOODS_RATIO_stdscl,0.09595916666872872
109,NEW_DOC_IND_KURT_stdscl,0.07636717653238685
110,NEW_LIVE_IND_SUM_stdscl,0.0006316307054680709
111,NEW_INC_PER_CHLD_stdscl,0.005378052096620168
112,NEW_INC_BY_ORG_stdscl,0.014392765392778452
113,NEW_EMPLOY_TO_BIRTH_RATIO_stdscl,0.0303381196667756
114,NEW_ANNUITY_TO_INCOME_RATIO_stdscl,0.035279733351409645
115,NEW_SOURCES_PROD_stdscl,0.10635921566595993
116,NEW_EXT_SOURCES_SUM_stdscl,0.2799356552304566
117,NEW_SCORES_STD_stdscl,0.008404208505887639
118,NEW_CAR_TO_BIRTH_RATIO_stdscl,0.01972489781251343
119,NEW_CAR_TO_EMPLOY_RATIO_stdscl,0.023219775795334664
120,NEW_PHONE_TO_BIRTH_RATIO_stdscl,0.005367509257989914
121,NEW_CREDIT_TO_INCOME_RATIO_stdscl,0.014067190915108644
122,NAME_CONTRACT_TYPE_Cash loans_stdscl,6.231539980577852e-06
123,NAME_CONTRACT_TYPE_Revolving loans_stdscl,0.0
124,NAME_TYPE_SUITE_Children_stdscl,0.0
125,NAME_TYPE_SUITE_Family_stdscl,0.0004803089496588646
126,NAME_TYPE_SUITE_Group of people_stdscl,0.0
127,NAME_TYPE_SUITE_Other_A_stdscl,0.0
128,NAME_TYPE_SUITE_Other_B_stdscl,0.0
129,"NAME_TYPE_SUITE_Spouse, partner_stdscl",0.002367798963490368
130,NAME_TYPE_SUITE_Unaccompanied_stdscl,6.614017599410373e-05
131,NAME_INCOME_TYPE_Businessman_stdscl,0.0
132,NAME_INCOME_TYPE_Commercial associate_stdscl,0.0
133,NAME_INCOME_TYPE_Maternity leave_stdscl,0.0
134,NAME_INCOME_TYPE_Pensioner_stdscl,0.0
135,NAME_INCOME_TYPE_State servant_stdscl,0.011042593864799173
136,NAME_INCOME_TYPE_Student_stdscl,0.0
137,NAME_INCOME_TYPE_Unemployed_stdscl,0.0
138,NAME_INCOME_TYPE_Working_stdscl,0.006704139548713359
139,NAME_EDUCATION_TYPE_Academic degree_stdscl,0.0
140,NAME_EDUCATION_TYPE_Higher education_stdscl,0.04116163012143227
141,NAME_EDUCATION_TYPE_Incomplete higher_stdscl,0.001592949109363192
142,NAME_EDUCATION_TYPE_Lower secondary_stdscl,0.00020033536190925002
143,NAME_EDUCATION_TYPE_Secondary / secondary special_stdscl,0.024609217143914213
144,NAME_FAMILY_STATUS_Civil marriage_stdscl,7.928148294320355e-05
145,NAME_FAMILY_STATUS_Married_stdscl,0.041511384954923417
146,NAME_FAMILY_STATUS_Separated_stdscl,0.0
147,NAME_FAMILY_STATUS_Single / not married_stdscl,0.0001581808934997437
148,NAME_FAMILY_STATUS_Unknown_stdscl,0.0
149,NAME_FAMILY_STATUS_Widow_stdscl,0.0
150,NAME_HOUSING_TYPE_Co-op apartment_stdscl,0.0
151,NAME_HOUSING_TYPE_House / apartment_stdscl,0.0005181357513837136
152,NAME_HOUSING_TYPE_Municipal apartment_stdscl,0.0002056421489284628
153,NAME_HOUSING_TYPE_Office apartment_stdscl,0.00041017245600891996
154,NAME_HOUSING_TYPE_Rented apartment_stdscl,0.0
155,NAME_HOUSING_TYPE_With parents_stdscl,0.0
156,OCCUPATION_TYPE_Accountants_stdscl,0.0008770178036994555
157,OCCUPATION_TYPE_Cleaning staff_stdscl,0.0
158,OCCUPATION_TYPE_Cooking staff_stdscl,0.0
159,OCCUPATION_TYPE_Core staff_stdscl,0.005638987884874686
160,OCCUPATION_TYPE_Drivers_stdscl,0.006251496987267611
161,OCCUPATION_TYPE_HR staff_stdscl,0.0
162,OCCUPATION_TYPE_High skill tech staff_stdscl,0.0006269878438547891
163,OCCUPATION_TYPE_IT staff_stdscl,0.0
164,OCCUPATION_TYPE_Laborers_stdscl,0.003045947412710492
165,OCCUPATION_TYPE_Low-skill Laborers_stdscl,0.00023642310828833114
166,OCCUPATION_TYPE_Managers_stdscl,0.0
167,OCCUPATION_TYPE_Medicine staff_stdscl,0.0019522370937161283
168,OCCUPATION_TYPE_Private service staff_stdscl,0.0
169,OCCUPATION_TYPE_Realty agents_stdscl,0.0
170,OCCUPATION_TYPE_Sales staff_stdscl,0.0016423860182688437
171,OCCUPATION_TYPE_Secretaries_stdscl,0.0
172,OCCUPATION_TYPE_Security staff_stdscl,0.0
173,OCCUPATION_TYPE_Waiters/barmen staff_stdscl,0.0
174,WEEKDAY_APPR_PROCESS_START_FRIDAY_stdscl,0.0
175,WEEKDAY_APPR_PROCESS_START_MONDAY_stdscl,0.002139238429912676
176,WEEKDAY_APPR_PROCESS_START_SATURDAY_stdscl,0.004624627583534644
177,WEEKDAY_APPR_PROCESS_START_SUNDAY_stdscl,5.971525220734089e-05
178,WEEKDAY_APPR_PROCESS_START_THURSDAY_stdscl,0.000395401422308642
179,WEEKDAY_APPR_PROCESS_START_TUESDAY_stdscl,0.0006720196383307394
180,WEEKDAY_APPR_PROCESS_START_WEDNESDAY_stdscl,0.0
181,ORGANIZATION_TYPE_Advertising_stdscl,0.0
182,ORGANIZATION_TYPE_Agriculture_stdscl,0.0
183,ORGANIZATION_TYPE_Bank_stdscl,0.00033623271687676645
184,ORGANIZATION_TYPE_Business Entity Type 1_stdscl,0.0
185,ORGANIZATION_TYPE_Business Entity Type 2_stdscl,0.0
186,ORGANIZATION_TYPE_Business Entity Type 3_stdscl,0.002271592472781485
187,ORGANIZATION_TYPE_Cleaning_stdscl,0.0
188,ORGANIZATION_TYPE_Construction_stdscl,0.001420377051294885
189,ORGANIZATION_TYPE_Culture_stdscl,0.0
190,ORGANIZATION_TYPE_Electricity_stdscl,0.0
191,ORGANIZATION_TYPE_Emergency_stdscl,0.0
192,ORGANIZATION_TYPE_Government_stdscl,0.00010170675387223668
193,ORGANIZATION_TYPE_Hotel_stdscl,0.0002530748860786626
194,ORGANIZATION_TYPE_Housing_stdscl,0.0
195,ORGANIZATION_TYPE_Industry: type 1_stdscl,0.0
196,ORGANIZATION_TYPE_Industry: type 10_stdscl,0.0
197,ORGANIZATION_TYPE_Industry: type 11_stdscl,0.0
198,ORGANIZATION_TYPE_Industry: type 12_stdscl,0.0
199,ORGANIZATION_TYPE_Industry: type 13_stdscl,0.0
200,ORGANIZATION_TYPE_Industry: type 2_stdscl,0.0
201,ORGANIZATION_TYPE_Industry: type 3_stdscl,0.0
202,ORGANIZATION_TYPE_Industry: type 4_stdscl,7.444595003824393e-05
203,ORGANIZATION_TYPE_Industry: type 5_stdscl,0.0002550067331604334
204,ORGANIZATION_TYPE_Industry: type 6_stdscl,0.0
205,ORGANIZATION_TYPE_Industry: type 7_stdscl,0.0
206,ORGANIZATION_TYPE_Industry: type 8_stdscl,0.0
207,ORGANIZATION_TYPE_Industry: type 9_stdscl,0.0021433633189118606
208,ORGANIZATION_TYPE_Insurance_stdscl,0.0
209,ORGANIZATION_TYPE_Kindergarten_stdscl,0.000433335617725399
210,ORGANIZATION_TYPE_Legal Services_stdscl,0.0
211,ORGANIZATION_TYPE_Medicine_stdscl,0.00029900342756215923
212,ORGANIZATION_TYPE_Military_stdscl,0.0022776960536828803
213,ORGANIZATION_TYPE_Mobile_stdscl,0.0
214,ORGANIZATION_TYPE_Other_stdscl,0.0004306513848352797
215,ORGANIZATION_TYPE_Police_stdscl,0.0012745965033700425
216,ORGANIZATION_TYPE_Postal_stdscl,0.0
217,ORGANIZATION_TYPE_Realtor_stdscl,5.88051823232287e-05
218,ORGANIZATION_TYPE_Religion_stdscl,0.0
219,ORGANIZATION_TYPE_Restaurant_stdscl,0.0
220,ORGANIZATION_TYPE_School_stdscl,0.0021328960797713952
221,ORGANIZATION_TYPE_Security_stdscl,0.0
222,ORGANIZATION_TYPE_Security Ministries_stdscl,0.000798274752630502
223,ORGANIZATION_TYPE_Self-employed_stdscl,0.008575124870472853
224,ORGANIZATION_TYPE_Services_stdscl,0.0
225,ORGANIZATION_TYPE_Telecom_stdscl,0.0
226,ORGANIZATION_TYPE_Trade: type 1_stdscl,0.0
227,ORGANIZATION_TYPE_Trade: type 2_stdscl,0.0
228,ORGANIZATION_TYPE_Trade: type 3_stdscl,0.0
229,ORGANIZATION_TYPE_Trade: type 4_stdscl,0.0
230,ORGANIZATION_TYPE_Trade: type 5_stdscl,0.0
231,ORGANIZATION_TYPE_Trade: type 6_stdscl,0.0
232,ORGANIZATION_TYPE_Trade: type 7_stdscl,0.0
233,ORGANIZATION_TYPE_Transport: type 1_stdscl,0.0
234,ORGANIZATION_TYPE_Transport: type 2_stdscl,0.0
235,ORGANIZATION_TYPE_Transport: type 3_stdscl,0.0005762622244003078
236,ORGANIZATION_TYPE_Transport: type 4_stdscl,0.00029406126614295937
237,ORGANIZATION_TYPE_University_stdscl,0.0
238,ORGANIZATION_TYPE_XNA_stdscl,0.0
239,FONDKAPREMONT_MODE_not specified_stdscl,0.0
240,FONDKAPREMONT_MODE_org spec account_stdscl,0.00028743674539377835
241,FONDKAPREMONT_MODE_reg oper account_stdscl,0.0
242,FONDKAPREMONT_MODE_reg oper spec account_stdscl,0.0
243,HOUSETYPE_MODE_block of flats_stdscl,0.00036648909147804303
244,HOUSETYPE_MODE_specific housing_stdscl,0.0
245,HOUSETYPE_MODE_terraced house_stdscl,0.0
246,WALLSMATERIAL_MODE_Block_stdscl,0.0
247,WALLSMATERIAL_MODE_Mixed_stdscl,0.0
248,WALLSMATERIAL_MODE_Monolithic_stdscl,0.0
249,WALLSMATERIAL_MODE_Others_stdscl,0.0
250,WALLSMATERIAL_MODE_Panel_stdscl,0.0029868738922698246
251,"WALLSMATERIAL_MODE_Stone, brick_stdscl",0.005272569386852947
252,WALLSMATERIAL_MODE_Wooden_stdscl,0.0
253,EMERGENCYSTATE_MODE_No_stdscl,0.0
254,EMERGENCYSTATE_MODE_Yes_stdscl,0.0
255,BURO_DAYS_CREDIT_MIN_stdscl,0.008371901939800683
256,BURO_DAYS_CREDIT_MAX_stdscl,0.009058956483286244
257,BURO_DAYS_CREDIT_MEAN_stdscl,0.010917311318657745
258,BURO_DAYS_CREDIT_VAR_stdscl,0.004288241138200475
259,BURO_DAYS_CREDIT_ENDDATE_MIN_stdscl,0.0012783759608070943
260,BURO_DAYS_CREDIT_ENDDATE_MAX_stdscl,0.011659990466944922
261,BURO_DAYS_CREDIT_ENDDATE_MEAN_stdscl,0.001645667406655537
262,BURO_DAYS_CREDIT_UPDATE_MEAN_stdscl,0.006617383369281539
263,BURO_CREDIT_DAY_OVERDUE_MAX_stdscl,0.00016418035768479697
264,BURO_CREDIT_DAY_OVERDUE_MEAN_stdscl,0.00039767317831666625
265,BURO_AMT_CREDIT_MAX_OVERDUE_MEAN_stdscl,0.017491473400948147
266,BURO_AMT_CREDIT_SUM_MAX_stdscl,0.00936776199463763
267,BURO_AMT_CREDIT_SUM_MEAN_stdscl,0.005020960526050714
268,BURO_AMT_CREDIT_SUM_SUM_stdscl,0.0037715782913853055
269,BURO_AMT_CREDIT_SUM_DEBT_MAX_stdscl,0.001719226191058365
270,BURO_AMT_CREDIT_SUM_DEBT_MEAN_stdscl,0.0436905619402321
271,BURO_AMT_CREDIT_SUM_DEBT_SUM_stdscl,0.004193008011484432
272,BURO_AMT_CREDIT_SUM_OVERDUE_MEAN_stdscl,0.0020348767306069076
273,BURO_AMT_CREDIT_SUM_LIMIT_MEAN_stdscl,0.004110314528056895
274,BURO_AMT_CREDIT_SUM_LIMIT_SUM_stdscl,0.0005563426774770171
275,BURO_AMT_ANNUITY_MAX_stdscl,0.001278013682989335
276,BURO_AMT_ANNUITY_MEAN_stdscl,0.0034010861120580935
277,BURO_CNT_CREDIT_PROLONG_SUM_stdscl,0.0
278,BURO_MONTHS_BALANCE_MIN_MIN_stdscl,0.0020043694833407565
279,BURO_MONTHS_BALANCE_MAX_MAX_stdscl,0.0
280,BURO_MONTHS_BALANCE_SIZE_MEAN_stdscl,0.0012800482677564524
281,BURO_MONTHS_BALANCE_SIZE_SUM_stdscl,0.004797916049966924
282,BURO_CREDIT_ACTIVE_Active_MEAN_stdscl,0.0064142318203369705
283,BURO_CREDIT_ACTIVE_Bad debt_MEAN_stdscl,0.0
284,BURO_CREDIT_ACTIVE_Closed_MEAN_stdscl,0.014163103943793574
285,BURO_CREDIT_ACTIVE_Sold_MEAN_stdscl,0.0
286,BURO_CREDIT_ACTIVE_nan_MEAN_stdscl,0.0
287,BURO_CREDIT_CURRENCY_currency 1_MEAN_stdscl,3.249652793165884e-06
288,BURO_CREDIT_CURRENCY_currency 2_MEAN_stdscl,0.0
289,BURO_CREDIT_CURRENCY_currency 3_MEAN_stdscl,0.0
290,BURO_CREDIT_CURRENCY_currency 4_MEAN_stdscl,0.0
291,BURO_CREDIT_CURRENCY_nan_MEAN_stdscl,0.0
292,BURO_CREDIT_TYPE_Another type of loan_MEAN_stdscl,0.0
293,BURO_CREDIT_TYPE_Car loan_MEAN_stdscl,0.0012465295922814775
294,BURO_CREDIT_TYPE_Cash loan (non-earmarked)_MEAN_stdscl,0.0
295,BURO_CREDIT_TYPE_Consumer credit_MEAN_stdscl,0.002578697119198943
296,BURO_CREDIT_TYPE_Credit card_MEAN_stdscl,0.001569613634329534
297,BURO_CREDIT_TYPE_Interbank credit_MEAN_stdscl,0.0
298,BURO_CREDIT_TYPE_Loan for business development_MEAN_stdscl,0.00045171497470860835
299,BURO_CREDIT_TYPE_Loan for purchase of shares (margin lending)_MEAN_stdscl,0.0
300,BURO_CREDIT_TYPE_Loan for the purchase of equipment_MEAN_stdscl,0.0
301,BURO_CREDIT_TYPE_Loan for working capital replenishment_MEAN_stdscl,0.0
302,BURO_CREDIT_TYPE_Microloan_MEAN_stdscl,0.005480734403895457
303,BURO_CREDIT_TYPE_Mobile operator loan_MEAN_stdscl,0.0
304,BURO_CREDIT_TYPE_Mortgage_MEAN_stdscl,0.009604274153132778
305,BURO_CREDIT_TYPE_Real estate loan_MEAN_stdscl,0.0
306,BURO_CREDIT_TYPE_Unknown type of loan_MEAN_stdscl,0.0
307,BURO_CREDIT_TYPE_nan_MEAN_stdscl,0.0
308,BURO_STATUS_0_MEAN_MEAN_stdscl,0.002276704467380315
309,BURO_STATUS_1_MEAN_MEAN_stdscl,0.0024217877249261004
310,BURO_STATUS_2_MEAN_MEAN_stdscl,0.001359817023513626
311,BURO_STATUS_3_MEAN_MEAN_stdscl,0.0
312,BURO_STATUS_4_MEAN_MEAN_stdscl,0.0
313,BURO_STATUS_5_MEAN_MEAN_stdscl,0.0
314,BURO_STATUS_C_MEAN_MEAN_stdscl,0.0015749370160180955
315,BURO_STATUS_X_MEAN_MEAN_stdscl,0.0017659738405974353
316,BURO_STATUS_nan_MEAN_MEAN_stdscl,0.0
317,ACTIVE_DAYS_CREDIT_MIN_stdscl,0.0019157396222070921
318,ACTIVE_DAYS_CREDIT_MAX_stdscl,0.024161670746845214
319,ACTIVE_DAYS_CREDIT_MEAN_stdscl,0.0091170150368325
320,ACTIVE_DAYS_CREDIT_VAR_stdscl,0.0025503478478124285
321,ACTIVE_DAYS_CREDIT_ENDDATE_MIN_stdscl,0.010058574905489932
322,ACTIVE_DAYS_CREDIT_ENDDATE_MAX_stdscl,0.01264350191003581
323,ACTIVE_DAYS_CREDIT_ENDDATE_MEAN_stdscl,0.014582431532049784
324,ACTIVE_DAYS_CREDIT_UPDATE_MEAN_stdscl,0.0011844812643799151
325,ACTIVE_CREDIT_DAY_OVERDUE_MAX_stdscl,0.00023780798053289192
326,ACTIVE_CREDIT_DAY_OVERDUE_MEAN_stdscl,0.0
327,ACTIVE_AMT_CREDIT_MAX_OVERDUE_MEAN_stdscl,0.013176945415835532
328,ACTIVE_AMT_CREDIT_SUM_MAX_stdscl,0.0014174986878320696
329,ACTIVE_AMT_CREDIT_SUM_MEAN_stdscl,0.002740704097340978
330,ACTIVE_AMT_CREDIT_SUM_SUM_stdscl,0.01408896651373653
331,ACTIVE_AMT_CREDIT_SUM_DEBT_MAX_stdscl,0.0023827568106069242
332,ACTIVE_AMT_CREDIT_SUM_DEBT_MEAN_stdscl,0.008989449269374915
333,ACTIVE_AMT_CREDIT_SUM_DEBT_SUM_stdscl,0.004379081728794024
334,ACTIVE_AMT_CREDIT_SUM_OVERDUE_MEAN_stdscl,0.00019991533840264407
335,ACTIVE_AMT_CREDIT_SUM_LIMIT_MEAN_stdscl,0.009101471790121175
336,ACTIVE_AMT_CREDIT_SUM_LIMIT_SUM_stdscl,0.0001786453280532708
337,ACTIVE_AMT_ANNUITY_MAX_stdscl,0.0005238229991235508
338,ACTIVE_AMT_ANNUITY_MEAN_stdscl,0.002278565423999926
339,ACTIVE_CNT_CREDIT_PROLONG_SUM_stdscl,0.0
340,ACTIVE_MONTHS_BALANCE_MIN_MIN_stdscl,0.0007416067663377837
341,ACTIVE_MONTHS_BALANCE_MAX_MAX_stdscl,1.7806572000173787e-05
342,ACTIVE_MONTHS_BALANCE_SIZE_MEAN_stdscl,0.0009909091735740216
343,ACTIVE_MONTHS_BALANCE_SIZE_SUM_stdscl,0.0021370985143546804
344,CLOSED_DAYS_CREDIT_MIN_stdscl,0.004610041116373817
345,CLOSED_DAYS_CREDIT_MAX_stdscl,0.01134017851672243
346,CLOSED_DAYS_CREDIT_MEAN_stdscl,0.004250219499039166
347,CLOSED_DAYS_CREDIT_VAR_stdscl,0.004671330391473461
348,CLOSED_DAYS_CREDIT_ENDDATE_MIN_stdscl,0.002008692970025959
349,CLOSED_DAYS_CREDIT_ENDDATE_MAX_stdscl,0.005874884729381181
350,CLOSED_DAYS_CREDIT_ENDDATE_MEAN_stdscl,0.003724684584496581
351,CLOSED_DAYS_CREDIT_UPDATE_MEAN_stdscl,0.003912538531539218
352,CLOSED_CREDIT_DAY_OVERDUE_MAX_stdscl,0.0
353,CLOSED_CREDIT_DAY_OVERDUE_MEAN_stdscl,0.0
354,CLOSED_AMT_CREDIT_MAX_OVERDUE_MEAN_stdscl,0.005455284266211242
355,CLOSED_AMT_CREDIT_SUM_MAX_stdscl,0.006182832932932809
356,CLOSED_AMT_CREDIT_SUM_MEAN_stdscl,0.004194274383466717
357,CLOSED_AMT_CREDIT_SUM_SUM_stdscl,0.002992461143040143
358,CLOSED_AMT_CREDIT_SUM_DEBT_MAX_stdscl,0.00032696133054184787
359,CLOSED_AMT_CREDIT_SUM_DEBT_MEAN_stdscl,0.00015125849059150138
360,CLOSED_AMT_CREDIT_SUM_DEBT_SUM_stdscl,0.0016525077252455436
361,CLOSED_AMT_CREDIT_SUM_OVERDUE_MEAN_stdscl,0.0
362,CLOSED_AMT_CREDIT_SUM_LIMIT_MEAN_stdscl,8.041578997488472e-05
363,CLOSED_AMT_CREDIT_SUM_LIMIT_SUM_stdscl,0.00021927458344761744
364,CLOSED_AMT_ANNUITY_MAX_stdscl,0.001046863954540417
365,CLOSED_AMT_ANNUITY_MEAN_stdscl,0.0006005393524113345
366,CLOSED_CNT_CREDIT_PROLONG_SUM_stdscl,0.0
367,CLOSED_MONTHS_BALANCE_MIN_MIN_stdscl,0.00042185002560810546
368,CLOSED_MONTHS_BALANCE_MAX_MAX_stdscl,0.00018422537870539568
369,CLOSED_MONTHS_BALANCE_SIZE_MEAN_stdscl,0.0012301122149525833
370,CLOSED_MONTHS_BALANCE_SIZE_SUM_stdscl,0.002620924419903448
371,PREV_AMT_ANNUITY_MIN_stdscl,0.014896721020622292
372,PREV_AMT_ANNUITY_MAX_stdscl,0.006941398618953075
373,PREV_AMT_ANNUITY_MEAN_stdscl,0.005019263037038416
374,PREV_AMT_APPLICATION_MIN_stdscl,0.0005057032127575097
375,PREV_AMT_APPLICATION_MAX_stdscl,0.0014014589246376039
376,PREV_AMT_APPLICATION_MEAN_stdscl,0.001123516533800624
377,PREV_AMT_CREDIT_MIN_stdscl,0.0032144170730450377
378,PREV_AMT_CREDIT_MAX_stdscl,0.002327332218303038
379,PREV_AMT_CREDIT_MEAN_stdscl,0.002183479810886808
380,PREV_APP_CREDIT_PERC_MIN_stdscl,0.0342253458653888
381,PREV_APP_CREDIT_PERC_VAR_stdscl,0.003956986962933518
382,PREV_AMT_DOWN_PAYMENT_MIN_stdscl,0.0028082974357985435
383,PREV_AMT_DOWN_PAYMENT_MAX_stdscl,0.005552386105578342
384,PREV_AMT_DOWN_PAYMENT_MEAN_stdscl,0.004246645380409136
385,PREV_AMT_GOODS_PRICE_MIN_stdscl,0.0021004287686509416
386,PREV_AMT_GOODS_PRICE_MAX_stdscl,0.0016389261387102121
387,PREV_AMT_GOODS_PRICE_MEAN_stdscl,0.001680136267636053
388,PREV_HOUR_APPR_PROCESS_START_MIN_stdscl,0.002300548393703614
389,PREV_HOUR_APPR_PROCESS_START_MAX_stdscl,0.0012397287716518338
390,PREV_HOUR_APPR_PROCESS_START_MEAN_stdscl,0.002632257954257846
391,PREV_RATE_DOWN_PAYMENT_MIN_stdscl,0.0040519034560181685
392,PREV_RATE_DOWN_PAYMENT_MAX_stdscl,0.005004158855912072
393,PREV_RATE_DOWN_PAYMENT_MEAN_stdscl,0.005360248860830699
394,PREV_DAYS_DECISION_MIN_stdscl,0.010534391964695793
395,PREV_DAYS_DECISION_MAX_stdscl,0.0020508111599411216
396,PREV_DAYS_DECISION_MEAN_stdscl,0.0034254265185152443
397,PREV_CNT_PAYMENT_MEAN_stdscl,0.04292681270152745
398,PREV_CNT_PAYMENT_SUM_stdscl,0.005759063523582563
399,PREV_NAME_CONTRACT_TYPE_Cash loans_MEAN_stdscl,0.004691206713839775
400,PREV_NAME_CONTRACT_TYPE_Consumer loans_MEAN_stdscl,0.0004122203118465355
401,PREV_NAME_CONTRACT_TYPE_Revolving loans_MEAN_stdscl,0.0008411839083057915
402,PREV_NAME_CONTRACT_TYPE_XNA_MEAN_stdscl,0.0
403,PREV_NAME_CONTRACT_TYPE_nan_MEAN_stdscl,0.0
404,PREV_WEEKDAY_APPR_PROCESS_START_FRIDAY_MEAN_stdscl,0.0018546249929721314
405,PREV_WEEKDAY_APPR_PROCESS_START_MONDAY_MEAN_stdscl,0.0016867193146196155
406,PREV_WEEKDAY_APPR_PROCESS_START_SATURDAY_MEAN_stdscl,0.003478400720489775
407,PREV_WEEKDAY_APPR_PROCESS_START_SUNDAY_MEAN_stdscl,0.0010947990755880562
408,PREV_WEEKDAY_APPR_PROCESS_START_THURSDAY_MEAN_stdscl,0.0013158106802250672
409,PREV_WEEKDAY_APPR_PROCESS_START_TUESDAY_MEAN_stdscl,0.0020112668725928294
410,PREV_WEEKDAY_APPR_PROCESS_START_WEDNESDAY_MEAN_stdscl,0.0006280127821516237
411,PREV_WEEKDAY_APPR_PROCESS_START_nan_MEAN_stdscl,0.0
412,PREV_FLAG_LAST_APPL_PER_CONTRACT_N_MEAN_stdscl,0.0003057068998740502
413,PREV_FLAG_LAST_APPL_PER_CONTRACT_Y_MEAN_stdscl,0.0
414,PREV_FLAG_LAST_APPL_PER_CONTRACT_nan_MEAN_stdscl,0.0
415,PREV_NAME_CASH_LOAN_PURPOSE_Building a house or an annex_MEAN_stdscl,0.0
416,PREV_NAME_CASH_LOAN_PURPOSE_Business development_MEAN_stdscl,0.0
417,PREV_NAME_CASH_LOAN_PURPOSE_Buying a garage_MEAN_stdscl,0.0
418,PREV_NAME_CASH_LOAN_PURPOSE_Buying a holiday home / land_MEAN_stdscl,0.0
419,PREV_NAME_CASH_LOAN_PURPOSE_Buying a home_MEAN_stdscl,0.0
420,PREV_NAME_CASH_LOAN_PURPOSE_Buying a new car_MEAN_stdscl,0.0
421,PREV_NAME_CASH_LOAN_PURPOSE_Buying a used car_MEAN_stdscl,0.0
422,PREV_NAME_CASH_LOAN_PURPOSE_Car repairs_MEAN_stdscl,0.0
423,PREV_NAME_CASH_LOAN_PURPOSE_Education_MEAN_stdscl,0.0
424,PREV_NAME_CASH_LOAN_PURPOSE_Everyday expenses_MEAN_stdscl,0.0
425,PREV_NAME_CASH_LOAN_PURPOSE_Furniture_MEAN_stdscl,0.0003707353413787171
426,PREV_NAME_CASH_LOAN_PURPOSE_Gasification / water supply_MEAN_stdscl,0.0
427,PREV_NAME_CASH_LOAN_PURPOSE_Hobby_MEAN_stdscl,0.0
428,PREV_NAME_CASH_LOAN_PURPOSE_Journey_MEAN_stdscl,0.0
429,PREV_NAME_CASH_LOAN_PURPOSE_Medicine_MEAN_stdscl,0.0
430,PREV_NAME_CASH_LOAN_PURPOSE_Money for a third person_MEAN_stdscl,0.0
431,PREV_NAME_CASH_LOAN_PURPOSE_Other_MEAN_stdscl,0.00016768217310592572
432,PREV_NAME_CASH_LOAN_PURPOSE_Payments on other loans_MEAN_stdscl,0.0
433,PREV_NAME_CASH_LOAN_PURPOSE_Purchase of electronic equipment_MEAN_stdscl,0.0
434,PREV_NAME_CASH_LOAN_PURPOSE_Refusal to name the goal_MEAN_stdscl,0.0
435,PREV_NAME_CASH_LOAN_PURPOSE_Repairs_MEAN_stdscl,0.0011407908848622631
436,PREV_NAME_CASH_LOAN_PURPOSE_Urgent needs_MEAN_stdscl,0.00016969043776761316
437,PREV_NAME_CASH_LOAN_PURPOSE_Wedding / gift / holiday_MEAN_stdscl,0.0
438,PREV_NAME_CASH_LOAN_PURPOSE_XAP_MEAN_stdscl,0.0
439,PREV_NAME_CASH_LOAN_PURPOSE_XNA_MEAN_stdscl,0.005067741485417891
440,PREV_NAME_CASH_LOAN_PURPOSE_nan_MEAN_stdscl,0.0
441,PREV_NAME_CONTRACT_STATUS_Approved_MEAN_stdscl,0.00782576917007554
442,PREV_NAME_CONTRACT_STATUS_Canceled_MEAN_stdscl,0.0008030260751392496
443,PREV_NAME_CONTRACT_STATUS_Refused_MEAN_stdscl,0.023302132177744593
444,PREV_NAME_CONTRACT_STATUS_Unused offer_MEAN_stdscl,0.0010813125412869587
445,PREV_NAME_CONTRACT_STATUS_nan_MEAN_stdscl,0.0
446,PREV_NAME_PAYMENT_TYPE_Cash through the bank_MEAN_stdscl,0.0006456642058236873
447,PREV_NAME_PAYMENT_TYPE_Cashless from the account of the employer_MEAN_stdscl,0.0
448,PREV_NAME_PAYMENT_TYPE_Non-cash from your account_MEAN_stdscl,0.0
449,PREV_NAME_PAYMENT_TYPE_XNA_MEAN_stdscl,0.0032317913962223114
450,PREV_NAME_PAYMENT_TYPE_nan_MEAN_stdscl,0.0
451,PREV_CODE_REJECT_REASON_CLIENT_MEAN_stdscl,0.0
452,PREV_CODE_REJECT_REASON_HC_MEAN_stdscl,0.006362947880002298
453,PREV_CODE_REJECT_REASON_LIMIT_MEAN_stdscl,0.000903079401068495
454,PREV_CODE_REJECT_REASON_SCO_MEAN_stdscl,0.0008463128536883702
455,PREV_CODE_REJECT_REASON_SCOFR_MEAN_stdscl,0.0
456,PREV_CODE_REJECT_REASON_SYSTEM_MEAN_stdscl,0.0
457,PREV_CODE_REJECT_REASON_VERIF_MEAN_stdscl,0.00016683982000524102
458,PREV_CODE_REJECT_REASON_XAP_MEAN_stdscl,0.0046244518751220424
459,PREV_CODE_REJECT_REASON_XNA_MEAN_stdscl,0.0
460,PREV_CODE_REJECT_REASON_nan_MEAN_stdscl,0.0
461,PREV_NAME_TYPE_SUITE_Children_MEAN_stdscl,0.0009621029014697179
462,PREV_NAME_TYPE_SUITE_Family_MEAN_stdscl,0.0014515265565608836
463,PREV_NAME_TYPE_SUITE_Group of people_MEAN_stdscl,6.047300317279344e-06
464,PREV_NAME_TYPE_SUITE_Other_A_MEAN_stdscl,0.0
465,PREV_NAME_TYPE_SUITE_Other_B_MEAN_stdscl,0.00029798052443223884
466,"PREV_NAME_TYPE_SUITE_Spouse, partner_MEAN_stdscl",0.00022246268842045013
467,PREV_NAME_TYPE_SUITE_Unaccompanied_MEAN_stdscl,0.004730979173264654
468,PREV_NAME_TYPE_SUITE_nan_MEAN_stdscl,0.014884739664624051
469,PREV_NAME_CLIENT_TYPE_New_MEAN_stdscl,0.0013468210022155097
470,PREV_NAME_CLIENT_TYPE_Refreshed_MEAN_stdscl,0.0016343466088686036
471,PREV_NAME_CLIENT_TYPE_Repeater_MEAN_stdscl,0.0027563122728588908
472,PREV_NAME_CLIENT_TYPE_XNA_MEAN_stdscl,0.0
473,PREV_NAME_CLIENT_TYPE_nan_MEAN_stdscl,0.0
474,PREV_NAME_GOODS_CATEGORY_Additional Service_MEAN_stdscl,0.0
475,PREV_NAME_GOODS_CATEGORY_Animals_MEAN_stdscl,0.0
476,PREV_NAME_GOODS_CATEGORY_Audio/Video_MEAN_stdscl,0.0007199250237168843
477,PREV_NAME_GOODS_CATEGORY_Auto Accessories_MEAN_stdscl,5.83876239128764e-05
478,PREV_NAME_GOODS_CATEGORY_Clothing and Accessories_MEAN_stdscl,0.002051507013577419
479,PREV_NAME_GOODS_CATEGORY_Computers_MEAN_stdscl,0.0003228630097248584
480,PREV_NAME_GOODS_CATEGORY_Construction Materials_MEAN_stdscl,0.002688857981027433
481,PREV_NAME_GOODS_CATEGORY_Consumer Electronics_MEAN_stdscl,0.0011836042584991706
482,PREV_NAME_GOODS_CATEGORY_Direct Sales_MEAN_stdscl,5.088327621835065e-05
483,PREV_NAME_GOODS_CATEGORY_Education_MEAN_stdscl,0.0
484,PREV_NAME_GOODS_CATEGORY_Fitness_MEAN_stdscl,0.0
485,PREV_NAME_GOODS_CATEGORY_Furniture_MEAN_stdscl,0.017484303475035216
486,PREV_NAME_GOODS_CATEGORY_Gardening_MEAN_stdscl,0.0
487,PREV_NAME_GOODS_CATEGORY_Homewares_MEAN_stdscl,5.31779245193682e-06
488,PREV_NAME_GOODS_CATEGORY_House Construction_MEAN_stdscl,0.0
489,PREV_NAME_GOODS_CATEGORY_Insurance_MEAN_stdscl,0.0
490,PREV_NAME_GOODS_CATEGORY_Jewelry_MEAN_stdscl,8.279031135850495e-05
491,PREV_NAME_GOODS_CATEGORY_Medical Supplies_MEAN_stdscl,0.0
492,PREV_NAME_GOODS_CATEGORY_Medicine_MEAN_stdscl,9.292550101155877e-05
493,PREV_NAME_GOODS_CATEGORY_Mobile_MEAN_stdscl,0.003351617572515977
494,PREV_NAME_GOODS_CATEGORY_Office Appliances_MEAN_stdscl,0.0
495,PREV_NAME_GOODS_CATEGORY_Other_MEAN_stdscl,0.0
496,PREV_NAME_GOODS_CATEGORY_Photo / Cinema Equipment_MEAN_stdscl,0.0010325808177589061
497,PREV_NAME_GOODS_CATEGORY_Sport and Leisure_MEAN_stdscl,0.0007513378379926881
498,PREV_NAME_GOODS_CATEGORY_Tourism_MEAN_stdscl,0.0
499,PREV_NAME_GOODS_CATEGORY_Vehicles_MEAN_stdscl,4.7509522906820805e-05
500,PREV_NAME_GOODS_CATEGORY_Weapon_MEAN_stdscl,0.0
501,PREV_NAME_GOODS_CATEGORY_XNA_MEAN_stdscl,0.0004377013083295289
502,PREV_NAME_GOODS_CATEGORY_nan_MEAN_stdscl,0.0
503,PREV_NAME_PORTFOLIO_Cards_MEAN_stdscl,0.003997505504835709
504,PREV_NAME_PORTFOLIO_Cars_MEAN_stdscl,0.0
505,PREV_NAME_PORTFOLIO_Cash_MEAN_stdscl,0.001461555057848311
506,PREV_NAME_PORTFOLIO_POS_MEAN_stdscl,0.005164395360031153
507,PREV_NAME_PORTFOLIO_XNA_MEAN_stdscl,0.001267404299524038
508,PREV_NAME_PORTFOLIO_nan_MEAN_stdscl,0.0
509,PREV_NAME_PRODUCT_TYPE_XNA_MEAN_stdscl,0.0033421846901921814
510,PREV_NAME_PRODUCT_TYPE_walk-in_MEAN_stdscl,0.005376478286411486
511,PREV_NAME_PRODUCT_TYPE_x-sell_MEAN_stdscl,0.0013299567264589782
512,PREV_NAME_PRODUCT_TYPE_nan_MEAN_stdscl,0.0
513,PREV_CHANNEL_TYPE_AP+ (Cash loan)_MEAN_stdscl,0.002768102129083573
514,PREV_CHANNEL_TYPE_Car dealer_MEAN_stdscl,0.0
515,PREV_CHANNEL_TYPE_Channel of corporate sales_MEAN_stdscl,0.0012939563276519077
516,PREV_CHANNEL_TYPE_Contact center_MEAN_stdscl,0.000525968689350837
517,PREV_CHANNEL_TYPE_Country-wide_MEAN_stdscl,0.0011214722901776496
518,PREV_CHANNEL_TYPE_Credit and cash offices_MEAN_stdscl,0.002126106845597191
519,PREV_CHANNEL_TYPE_Regional / Local_MEAN_stdscl,0.0009721670159671307
520,PREV_CHANNEL_TYPE_Stone_MEAN_stdscl,0.002109370224458329
521,PREV_CHANNEL_TYPE_nan_MEAN_stdscl,0.0
522,PREV_NAME_SELLER_INDUSTRY_Auto technology_MEAN_stdscl,0.0
523,PREV_NAME_SELLER_INDUSTRY_Clothing_MEAN_stdscl,0.000338459855259127
524,PREV_NAME_SELLER_INDUSTRY_Connectivity_MEAN_stdscl,0.007035550426900484
525,PREV_NAME_SELLER_INDUSTRY_Construction_MEAN_stdscl,0.0016982327202640663
526,PREV_NAME_SELLER_INDUSTRY_Consumer electronics_MEAN_stdscl,0.0023361702371905045
527,PREV_NAME_SELLER_INDUSTRY_Furniture_MEAN_stdscl,0.0008007418510938033
528,PREV_NAME_SELLER_INDUSTRY_Industry_MEAN_stdscl,0.004491865520695813
529,PREV_NAME_SELLER_INDUSTRY_Jewelry_MEAN_stdscl,0.0001823973555189818
530,PREV_NAME_SELLER_INDUSTRY_MLM partners_MEAN_stdscl,0.0
531,PREV_NAME_SELLER_INDUSTRY_Tourism_MEAN_stdscl,0.0
532,PREV_NAME_SELLER_INDUSTRY_XNA_MEAN_stdscl,0.001282951906746115
533,PREV_NAME_SELLER_INDUSTRY_nan_MEAN_stdscl,0.0
534,PREV_NAME_YIELD_GROUP_XNA_MEAN_stdscl,0.0032198669157850065
535,PREV_NAME_YIELD_GROUP_high_MEAN_stdscl,0.006026521516502975
536,PREV_NAME_YIELD_GROUP_low_action_MEAN_stdscl,0.020547668821454527
537,PREV_NAME_YIELD_GROUP_low_normal_MEAN_stdscl,0.010538908241095326
538,PREV_NAME_YIELD_GROUP_middle_MEAN_stdscl,0.0009230994708392171
539,PREV_NAME_YIELD_GROUP_nan_MEAN_stdscl,0.0
540,PREV_PRODUCT_COMBINATION_Card Street_MEAN_stdscl,0.0003684179974666564
541,PREV_PRODUCT_COMBINATION_Card X-Sell_MEAN_stdscl,0.0
542,PREV_PRODUCT_COMBINATION_Cash_MEAN_stdscl,0.0010355237606104765
543,PREV_PRODUCT_COMBINATION_Cash Street: high_MEAN_stdscl,0.0011109003598999366
544,PREV_PRODUCT_COMBINATION_Cash Street: low_MEAN_stdscl,0.0009138310513286489
545,PREV_PRODUCT_COMBINATION_Cash Street: middle_MEAN_stdscl,0.0002883151308505671
546,PREV_PRODUCT_COMBINATION_Cash X-Sell: high_MEAN_stdscl,0.008561684298374665
547,PREV_PRODUCT_COMBINATION_Cash X-Sell: low_MEAN_stdscl,0.003493350926033146
548,PREV_PRODUCT_COMBINATION_Cash X-Sell: middle_MEAN_stdscl,0.0019358075272236596
549,PREV_PRODUCT_COMBINATION_POS household with interest_MEAN_stdscl,0.0006119475094103901
550,PREV_PRODUCT_COMBINATION_POS household without interest_MEAN_stdscl,0.0030164557526250932
551,PREV_PRODUCT_COMBINATION_POS industry with interest_MEAN_stdscl,0.0024277045630868264
552,PREV_PRODUCT_COMBINATION_POS industry without interest_MEAN_stdscl,0.0025232730973494153
553,PREV_PRODUCT_COMBINATION_POS mobile with interest_MEAN_stdscl,0.0009989731562439696
554,PREV_PRODUCT_COMBINATION_POS mobile without interest_MEAN_stdscl,0.00019130272050435018
555,PREV_PRODUCT_COMBINATION_POS other with interest_MEAN_stdscl,0.0005065410165311358
556,PREV_PRODUCT_COMBINATION_POS others without interest_MEAN_stdscl,0.0
557,PREV_PRODUCT_COMBINATION_nan_MEAN_stdscl,0.0
558,APPROVED_AMT_ANNUITY_MIN_stdscl,0.004033462833564203
559,APPROVED_AMT_ANNUITY_MAX_stdscl,0.005503803232082361
560,APPROVED_AMT_ANNUITY_MEAN_stdscl,0.0066584240834880876
561,APPROVED_AMT_APPLICATION_MIN_stdscl,0.002964793099637902
562,APPROVED_AMT_APPLICATION_MAX_stdscl,0.00173598895678815
563,APPROVED_AMT_APPLICATION_MEAN_stdscl,0.0014234841012993765
564,APPROVED_AMT_CREDIT_MIN_stdscl,0.0005878390854008781
565,APPROVED_AMT_CREDIT_MAX_stdscl,0.004465282255620939
566,APPROVED_AMT_CREDIT_MEAN_stdscl,0.0030703723171316396
567,APPROVED_APP_CREDIT_PERC_MIN_stdscl,0.008118580820024722
568,APPROVED_APP_CREDIT_PERC_MAX_stdscl,0.01812451897174512
569,APPROVED_APP_CREDIT_PERC_MEAN_stdscl,0.007984812511408848
570,APPROVED_APP_CREDIT_PERC_VAR_stdscl,0.0034263506998150916
571,APPROVED_AMT_DOWN_PAYMENT_MIN_stdscl,0.0010253267671865454
572,APPROVED_AMT_DOWN_PAYMENT_MAX_stdscl,0.0039510533687389555
573,APPROVED_AMT_DOWN_PAYMENT_MEAN_stdscl,0.0019375133405332668
574,APPROVED_AMT_GOODS_PRICE_MIN_stdscl,0.0025444131914216165
575,APPROVED_AMT_GOODS_PRICE_MAX_stdscl,0.0015466311298285168
576,APPROVED_AMT_GOODS_PRICE_MEAN_stdscl,0.002137601191784176
577,APPROVED_HOUR_APPR_PROCESS_START_MIN_stdscl,0.0002910496967570172
578,APPROVED_HOUR_APPR_PROCESS_START_MAX_stdscl,0.0015718484197223767
579,APPROVED_HOUR_APPR_PROCESS_START_MEAN_stdscl,0.0026151461053169783
580,APPROVED_RATE_DOWN_PAYMENT_MIN_stdscl,0.0012175531598686354
581,APPROVED_RATE_DOWN_PAYMENT_MAX_stdscl,0.007058339869415158
582,APPROVED_RATE_DOWN_PAYMENT_MEAN_stdscl,0.007161049741027376
583,APPROVED_DAYS_DECISION_MIN_stdscl,0.010456277656633747
584,APPROVED_DAYS_DECISION_MAX_stdscl,0.0038323014760217188
585,APPROVED_DAYS_DECISION_MEAN_stdscl,0.004153398316057542
586,APPROVED_CNT_PAYMENT_MEAN_stdscl,0.044761118356843585
587,APPROVED_CNT_PAYMENT_SUM_stdscl,0.010278070088358755
588,REFUSED_AMT_ANNUITY_MIN_stdscl,0.0015299294109692193
589,REFUSED_AMT_ANNUITY_MAX_stdscl,0.0007572318334643253
590,REFUSED_AMT_ANNUITY_MEAN_stdscl,0.00016673373644972975
591,REFUSED_AMT_APPLICATION_MIN_stdscl,0.0005868870092501429
592,REFUSED_AMT_APPLICATION_MAX_stdscl,0.0009297574997344558
593,REFUSED_AMT_APPLICATION_MEAN_stdscl,0.00039902157931168825
594,REFUSED_AMT_CREDIT_MIN_stdscl,0.0005481974722672806
595,REFUSED_AMT_CREDIT_MAX_stdscl,0.0006992176579336748
596,REFUSED_AMT_CREDIT_MEAN_stdscl,3.3806832747099496e-05
597,REFUSED_APP_CREDIT_PERC_MIN_stdscl,0.0032674321082889774
598,REFUSED_APP_CREDIT_PERC_VAR_stdscl,0.0
599,REFUSED_AMT_DOWN_PAYMENT_MIN_stdscl,0.0003526939006617927
600,REFUSED_AMT_DOWN_PAYMENT_MAX_stdscl,2.9489660555326334e-05
601,REFUSED_AMT_DOWN_PAYMENT_MEAN_stdscl,0.00017466691010482402
602,REFUSED_AMT_GOODS_PRICE_MIN_stdscl,0.000624529647801357
603,REFUSED_AMT_GOODS_PRICE_MAX_stdscl,0.0003578209920386344
604,REFUSED_AMT_GOODS_PRICE_MEAN_stdscl,0.0014298056543380932
605,REFUSED_HOUR_APPR_PROCESS_START_MIN_stdscl,0.0008648455532793385
606,REFUSED_HOUR_APPR_PROCESS_START_MAX_stdscl,0.00038667974562923334
607,REFUSED_HOUR_APPR_PROCESS_START_MEAN_stdscl,0.0010112547185887426
608,REFUSED_RATE_DOWN_PAYMENT_MIN_stdscl,0.0007215578638171994
609,REFUSED_RATE_DOWN_PAYMENT_MAX_stdscl,0.00012596031229247906
610,REFUSED_RATE_DOWN_PAYMENT_MEAN_stdscl,0.0
611,REFUSED_DAYS_DECISION_MIN_stdscl,0.001855209410425308
612,REFUSED_DAYS_DECISION_MAX_stdscl,0.0061873978262208225
613,REFUSED_DAYS_DECISION_MEAN_stdscl,0.0035232619924562307
614,REFUSED_CNT_PAYMENT_MEAN_stdscl,0.001573821564900067
615,REFUSED_CNT_PAYMENT_SUM_stdscl,0.0013547635477710745
616,POS_MONTHS_BALANCE_MAX_stdscl,0.010003911354613067
617,POS_MONTHS_BALANCE_MEAN_stdscl,0.006552748831927162
618,POS_MONTHS_BALANCE_SIZE_stdscl,0.027425469275965696
619,POS_SK_DPD_MAX_stdscl,0.00030341523018359866
620,POS_SK_DPD_MEAN_stdscl,0.0006978983910725512
621,POS_SK_DPD_DEF_MAX_stdscl,0.003948831932052648
622,POS_SK_DPD_DEF_MEAN_stdscl,0.014890730352790857
623,POS_NAME_CONTRACT_STATUS_Active_MEAN_stdscl,0.004416875490083629
624,POS_NAME_CONTRACT_STATUS_Amortized debt_MEAN_stdscl,0.0
625,POS_NAME_CONTRACT_STATUS_Approved_MEAN_stdscl,8.211872709186665e-06
626,POS_NAME_CONTRACT_STATUS_Canceled_MEAN_stdscl,0.0
627,POS_NAME_CONTRACT_STATUS_Completed_MEAN_stdscl,0.0019859183972969832
628,POS_NAME_CONTRACT_STATUS_Demand_MEAN_stdscl,0.0
629,POS_NAME_CONTRACT_STATUS_Returned to the store_MEAN_stdscl,0.00024610886566341127
630,POS_NAME_CONTRACT_STATUS_Signed_MEAN_stdscl,0.0010305821456970986
631,POS_NAME_CONTRACT_STATUS_XNA_MEAN_stdscl,0.0
632,POS_NAME_CONTRACT_STATUS_nan_MEAN_stdscl,0.0
633,POS_COUNT_stdscl,0.0
634,INSTAL_NUM_INSTALMENT_VERSION_NUNIQUE_stdscl,0.003962758216523005
635,INSTAL_DPD_MAX_stdscl,0.006187775044957663
636,INSTAL_DPD_MEAN_stdscl,0.09759112676900866
637,INSTAL_DPD_SUM_stdscl,0.004125610649566001
638,INSTAL_DBD_MAX_stdscl,0.005901637739336121
639,INSTAL_DBD_MEAN_stdscl,0.011036656144963625
640,INSTAL_DBD_SUM_stdscl,0.022859912194973773
641,INSTAL_PAYMENT_PERC_VAR_stdscl,0.0013518207826189997
642,INSTAL_PAYMENT_DIFF_MAX_stdscl,0.004775610289912365
643,INSTAL_PAYMENT_DIFF_MEAN_stdscl,0.03659308904582643
644,INSTAL_PAYMENT_DIFF_SUM_stdscl,0.011165256356845812
645,INSTAL_PAYMENT_DIFF_VAR_stdscl,0.0012410812388561174
646,INSTAL_AMT_INSTALMENT_MAX_stdscl,0.013656188236916045
647,INSTAL_AMT_INSTALMENT_MEAN_stdscl,0.002987268556664839
648,INSTAL_AMT_INSTALMENT_SUM_stdscl,0.007462604309383793
649,INSTAL_AMT_PAYMENT_MIN_stdscl,0.018686769204186993
650,INSTAL_AMT_PAYMENT_MAX_stdscl,0.0037674917464685436
651,INSTAL_AMT_PAYMENT_MEAN_stdscl,0.006649496454875306
652,INSTAL_AMT_PAYMENT_SUM_stdscl,0.05114425230450594
653,INSTAL_DAYS_ENTRY_PAYMENT_MAX_stdscl,0.02017175891382688
654,INSTAL_DAYS_ENTRY_PAYMENT_MEAN_stdscl,0.016104194993438594
655,INSTAL_DAYS_ENTRY_PAYMENT_SUM_stdscl,0.01781887873247444
656,INSTAL_COUNT_stdscl,0.012054395027959805
657,CC_MONTHS_BALANCE_MIN_stdscl,0.0
658,CC_MONTHS_BALANCE_MAX_stdscl,0.0001618698183802141
659,CC_MONTHS_BALANCE_MEAN_stdscl,0.00028571050858893323
660,CC_MONTHS_BALANCE_SUM_stdscl,0.0004523327172839624
661,CC_MONTHS_BALANCE_VAR_stdscl,0.001461477356383363
662,CC_AMT_BALANCE_MIN_stdscl,0.001115053348938969
663,CC_AMT_BALANCE_MAX_stdscl,0.0011254930409172743
664,CC_AMT_BALANCE_MEAN_stdscl,0.007864068888688258
665,CC_AMT_BALANCE_SUM_stdscl,0.0005988887232713426
666,CC_AMT_BALANCE_VAR_stdscl,0.00017206250758848124
667,CC_AMT_CREDIT_LIMIT_ACTUAL_MIN_stdscl,0.006690924254452088
668,CC_AMT_CREDIT_LIMIT_ACTUAL_MAX_stdscl,0.0009705000107774997
669,CC_AMT_CREDIT_LIMIT_ACTUAL_MEAN_stdscl,0.004772255722293067
670,CC_AMT_CREDIT_LIMIT_ACTUAL_SUM_stdscl,0.0017238937640658542
671,CC_AMT_CREDIT_LIMIT_ACTUAL_VAR_stdscl,0.0010985350386502188
672,CC_AMT_DRAWINGS_ATM_CURRENT_MIN_stdscl,0.0
673,CC_AMT_DRAWINGS_ATM_CURRENT_MAX_stdscl,0.00041122099338788054
674,CC_AMT_DRAWINGS_ATM_CURRENT_MEAN_stdscl,0.00038825955669498727
675,CC_AMT_DRAWINGS_ATM_CURRENT_SUM_stdscl,0.00019331957560875712
676,CC_AMT_DRAWINGS_ATM_CURRENT_VAR_stdscl,0.0
677,CC_AMT_DRAWINGS_CURRENT_MIN_stdscl,0.0
678,CC_AMT_DRAWINGS_CURRENT_MAX_stdscl,0.0015625208250807728
679,CC_AMT_DRAWINGS_CURRENT_MEAN_stdscl,0.0010237232797880981
680,CC_AMT_DRAWINGS_CURRENT_SUM_stdscl,0.0013197272766152235
681,CC_AMT_DRAWINGS_CURRENT_VAR_stdscl,0.00011808772624229293
682,CC_AMT_DRAWINGS_OTHER_CURRENT_MIN_stdscl,0.00021612027438646302
683,CC_AMT_DRAWINGS_OTHER_CURRENT_MAX_stdscl,6.466570048236332e-05
684,CC_AMT_DRAWINGS_OTHER_CURRENT_MEAN_stdscl,0.0
685,CC_AMT_DRAWINGS_OTHER_CURRENT_SUM_stdscl,0.0
686,CC_AMT_DRAWINGS_OTHER_CURRENT_VAR_stdscl,0.00029313676579264457
687,CC_AMT_DRAWINGS_POS_CURRENT_MIN_stdscl,0.0
688,CC_AMT_DRAWINGS_POS_CURRENT_MAX_stdscl,0.0013706719254929335
689,CC_AMT_DRAWINGS_POS_CURRENT_MEAN_stdscl,0.0001152648525774651
690,CC_AMT_DRAWINGS_POS_CURRENT_SUM_stdscl,0.0016546048191591835
691,CC_AMT_DRAWINGS_POS_CURRENT_VAR_stdscl,0.00045825334707653867
692,CC_AMT_INST_MIN_REGULARITY_MIN_stdscl,0.00014639594914564198
693,CC_AMT_INST_MIN_REGULARITY_MAX_stdscl,0.000237115072234952
694,CC_AMT_INST_MIN_REGULARITY_MEAN_stdscl,0.00037321501722429196
695,CC_AMT_INST_MIN_REGULARITY_SUM_stdscl,0.001036646314488373
696,CC_AMT_INST_MIN_REGULARITY_VAR_stdscl,0.0016256433222425943
697,CC_AMT_PAYMENT_CURRENT_MIN_stdscl,0.00023878234004153865
698,CC_AMT_PAYMENT_CURRENT_MAX_stdscl,0.0010324125616144651
699,CC_AMT_PAYMENT_CURRENT_MEAN_stdscl,0.001780030885587318
700,CC_AMT_PAYMENT_CURRENT_SUM_stdscl,0.00043447965860646736
701,CC_AMT_PAYMENT_CURRENT_VAR_stdscl,0.0007918627741504933
702,CC_AMT_PAYMENT_TOTAL_CURRENT_MIN_stdscl,0.0
703,CC_AMT_PAYMENT_TOTAL_CURRENT_MAX_stdscl,0.0002632032083649171
704,CC_AMT_PAYMENT_TOTAL_CURRENT_MEAN_stdscl,1.4645500939245918e-05
705,CC_AMT_PAYMENT_TOTAL_CURRENT_SUM_stdscl,0.0031920499792867005
706,CC_AMT_PAYMENT_TOTAL_CURRENT_VAR_stdscl,0.0005612530210877816
707,CC_AMT_RECEIVABLE_PRINCIPAL_MIN_stdscl,0.0
708,CC_AMT_RECEIVABLE_PRINCIPAL_MAX_stdscl,0.0015193892041975435
709,CC_AMT_RECEIVABLE_PRINCIPAL_MEAN_stdscl,0.003980675514966996
710,CC_AMT_RECEIVABLE_PRINCIPAL_SUM_stdscl,0.0004534480924133867
711,CC_AMT_RECEIVABLE_PRINCIPAL_VAR_stdscl,0.00011965995259927549
712,CC_AMT_RECIVABLE_MIN_stdscl,0.0017949592123510313
713,CC_AMT_RECIVABLE_MAX_stdscl,0.0009283255211530011
714,CC_AMT_RECIVABLE_MEAN_stdscl,0.002742187638898285
715,CC_AMT_RECIVABLE_SUM_stdscl,0.0002447719452551152
716,CC_AMT_RECIVABLE_VAR_stdscl,1.858062180122139e-05
717,CC_AMT_TOTAL_RECEIVABLE_MIN_stdscl,0.0
718,CC_AMT_TOTAL_RECEIVABLE_MAX_stdscl,0.002545076947828076
719,CC_AMT_TOTAL_RECEIVABLE_MEAN_stdscl,0.0004502789157368584
720,CC_AMT_TOTAL_RECEIVABLE_SUM_stdscl,0.0
721,CC_AMT_TOTAL_RECEIVABLE_VAR_stdscl,0.0
722,CC_CNT_DRAWINGS_ATM_CURRENT_MIN_stdscl,0.0
723,CC_CNT_DRAWINGS_ATM_CURRENT_MAX_stdscl,0.002450588766422413
724,CC_CNT_DRAWINGS_ATM_CURRENT_MEAN_stdscl,0.022267716554692812
725,CC_CNT_DRAWINGS_ATM_CURRENT_SUM_stdscl,0.003866452194742911
726,CC_CNT_DRAWINGS_ATM_CURRENT_VAR_stdscl,0.0003152659772380757
727,CC_CNT_DRAWINGS_CURRENT_MIN_stdscl,0.0
728,CC_CNT_DRAWINGS_CURRENT_MAX_stdscl,0.010502286946750657
729,CC_CNT_DRAWINGS_CURRENT_MEAN_stdscl,0.004778950824852388
730,CC_CNT_DRAWINGS_CURRENT_SUM_stdscl,0.0006358714016757683
731,CC_CNT_DRAWINGS_CURRENT_VAR_stdscl,0.0035116229438941914
732,CC_CNT_DRAWINGS_OTHER_CURRENT_MIN_stdscl,0.0
733,CC_CNT_DRAWINGS_OTHER_CURRENT_MAX_stdscl,0.0
734,CC_CNT_DRAWINGS_OTHER_CURRENT_MEAN_stdscl,1.3725486300579612e-05
735,CC_CNT_DRAWINGS_OTHER_CURRENT_SUM_stdscl,0.0
736,CC_CNT_DRAWINGS_OTHER_CURRENT_VAR_stdscl,0.0001945645058026142
737,CC_CNT_DRAWINGS_POS_CURRENT_MIN_stdscl,0.00016852125803589566
738,CC_CNT_DRAWINGS_POS_CURRENT_MAX_stdscl,0.00020518655792083946
739,CC_CNT_DRAWINGS_POS_CURRENT_MEAN_stdscl,0.0
740,CC_CNT_DRAWINGS_POS_CURRENT_SUM_stdscl,8.366887695596722e-05
741,CC_CNT_DRAWINGS_POS_CURRENT_VAR_stdscl,0.0001920683506210129
742,CC_CNT_INSTALMENT_MATURE_CUM_MIN_stdscl,0.0006369722885022064
743,CC_CNT_INSTALMENT_MATURE_CUM_MAX_stdscl,0.0006239269510009143
744,CC_CNT_INSTALMENT_MATURE_CUM_MEAN_stdscl,0.0020030615811521863
745,CC_CNT_INSTALMENT_MATURE_CUM_SUM_stdscl,0.0009121005517966765
746,CC_CNT_INSTALMENT_MATURE_CUM_VAR_stdscl,0.0018519041449139928
747,CC_SK_DPD_MIN_stdscl,0.0
748,CC_SK_DPD_MAX_stdscl,0.0
749,CC_SK_DPD_MEAN_stdscl,3.512334157564877e-05
750,CC_SK_DPD_SUM_stdscl,0.0
751,CC_SK_DPD_VAR_stdscl,4.16824494973844e-05
752,CC_SK_DPD_DEF_MIN_stdscl,0.0
753,CC_SK_DPD_DEF_MAX_stdscl,0.0005127422818762833
754,CC_SK_DPD_DEF_MEAN_stdscl,0.0
755,CC_SK_DPD_DEF_SUM_stdscl,0.0001270241518808267
756,CC_SK_DPD_DEF_VAR_stdscl,0.0
757,CC_NAME_CONTRACT_STATUS_Active_MIN_stdscl,0.0
758,CC_NAME_CONTRACT_STATUS_Active_MAX_stdscl,0.0
759,CC_NAME_CONTRACT_STATUS_Active_MEAN_stdscl,1.5861832580912223e-05
760,CC_NAME_CONTRACT_STATUS_Active_SUM_stdscl,0.0011010368616848523
761,CC_NAME_CONTRACT_STATUS_Active_VAR_stdscl,0.00023153701351622834
762,CC_NAME_CONTRACT_STATUS_Approved_MIN_stdscl,0.0
763,CC_NAME_CONTRACT_STATUS_Approved_MAX_stdscl,0.0
764,CC_NAME_CONTRACT_STATUS_Approved_MEAN_stdscl,0.0
765,CC_NAME_CONTRACT_STATUS_Approved_SUM_stdscl,0.0
766,CC_NAME_CONTRACT_STATUS_Approved_VAR_stdscl,0.0
767,CC_NAME_CONTRACT_STATUS_Completed_MIN_stdscl,0.0
768,CC_NAME_CONTRACT_STATUS_Completed_MAX_stdscl,0.0
769,CC_NAME_CONTRACT_STATUS_Completed_MEAN_stdscl,0.0009776383453389673
770,CC_NAME_CONTRACT_STATUS_Completed_SUM_stdscl,0.00017045067139326582
771,CC_NAME_CONTRACT_STATUS_Completed_VAR_stdscl,0.00023162882470226324
772,CC_NAME_CONTRACT_STATUS_Demand_MIN_stdscl,0.0
773,CC_NAME_CONTRACT_STATUS_Demand_MAX_stdscl,0.0
774,CC_NAME_CONTRACT_STATUS_Demand_MEAN_stdscl,0.0
775,CC_NAME_CONTRACT_STATUS_Demand_SUM_stdscl,0.0
776,CC_NAME_CONTRACT_STATUS_Demand_VAR_stdscl,0.0
777,CC_NAME_CONTRACT_STATUS_Refused_MIN_stdscl,0.0
778,CC_NAME_CONTRACT_STATUS_Refused_MAX_stdscl,0.0
779,CC_NAME_CONTRACT_STATUS_Refused_MEAN_stdscl,0.0
780,CC_NAME_CONTRACT_STATUS_Refused_SUM_stdscl,0.0
781,CC_NAME_CONTRACT_STATUS_Refused_VAR_stdscl,0.0
782,CC_NAME_CONTRACT_STATUS_Sent proposal_MIN_stdscl,0.0
783,CC_NAME_CONTRACT_STATUS_Sent proposal_MAX_stdscl,0.0
784,CC_NAME_CONTRACT_STATUS_Sent proposal_MEAN_stdscl,0.0001264143690482701
785,CC_NAME_CONTRACT_STATUS_Sent proposal_SUM_stdscl,0.0
786,CC_NAME_CONTRACT_STATUS_Sent proposal_VAR_stdscl,0.0
787,CC_NAME_CONTRACT_STATUS_Signed_MIN_stdscl,0.0
788,CC_NAME_CONTRACT_STATUS_Signed_MAX_stdscl,0.0
789,CC_NAME_CONTRACT_STATUS_Signed_MEAN_stdscl,0.0002872801978946234
790,CC_NAME_CONTRACT_STATUS_Signed_SUM_stdscl,0.0
791,CC_NAME_CONTRACT_STATUS_Signed_VAR_stdscl,0.0003060043327641397
792,CC_NAME_CONTRACT_STATUS_nan_MIN_stdscl,0.0
793,CC_NAME_CONTRACT_STATUS_nan_MAX_stdscl,0.0
794,CC_NAME_CONTRACT_STATUS_nan_MEAN_stdscl,0.0
795,CC_NAME_CONTRACT_STATUS_nan_SUM_stdscl,0.0
796,CC_NAME_CONTRACT_STATUS_nan_VAR_stdscl,0.0
797,CC_COUNT_stdscl,0.0004817670860795006
